spid,mbid,wdid
6PpSHb4MGGPtHSFDo7tM2u,,http://www.wikidata.org/entity/Q42315353
2SyaKvCdG9HOn7D7H6otJR,1c883b6d-a4d7-4e36-afa5-f35ae8615a72,http://www.wikidata.org/entity/Q42318307
27ojxapXfPZ6YmVfwuMTc0,bdc844b7-9135-3274-b17d-1dc2cad5e5ae,http://www.wikidata.org/entity/Q1393756
3EGJwabnAa4JigqwgSxNhK,ade94386-3920-46df-ab05-47f2e1b092a7,http://www.wikidata.org/entity/Q28053877
6pGR8YKKqRltbqmvwvCeLv,f4d897d6-926b-4ed5-9e47-b8b2ab234b6c,http://www.wikidata.org/entity/Q49473761
4bk8RoxJCbUql8FDsQiai4,e6b14111-f7fb-4b9e-a674-6e99615e6d67,http://www.wikidata.org/entity/Q42579617
4a9Jd7Rm7oL26yCjL6GQjp,,http://www.wikidata.org/entity/Q244673
5DhBKvTfY80n9xdC36yYCX,bd23b5fd-7215-4235-a79e-e217169e8264,http://www.wikidata.org/entity/Q28766563
0QcGjmYjuZn4JpvJnMMXhN,,http://www.wikidata.org/entity/Q4725295
4Z65vZZR8Ec3RQv9qiyqdC,,http://www.wikidata.org/entity/Q18674645
6nYZskSEVxpFZ0y0N4j7N5,,http://www.wikidata.org/entity/Q19364160
7ELjnD751ignjlUob1glnn,,http://www.wikidata.org/entity/Q19708571
2ghAZ12iARjlWdC3l7OtUt,,http://www.wikidata.org/entity/Q20064462
0fk2d0PA6TGEp36qyrRqb9,,http://www.wikidata.org/entity/Q20978578
5RkmnQd5xtR3vNiM7Hn12l,85806138-1036-4dac-9958-e2636ee8e6ef,http://www.wikidata.org/entity/Q20748497
2BHcZFHCFSMldcSp7guhTx,,http://www.wikidata.org/entity/Q21768308
7cXt3aYviqJBiQFcz9Ielu,,http://www.wikidata.org/entity/Q21768307
7sPiF664tkT9XuAOaAR25N,,http://www.wikidata.org/entity/Q21768307
1iQKy4kLMebELQO4P7TIWT,,http://www.wikidata.org/entity/Q21835166
1kCHru7uhxBUdzkm4gzRQc,,http://www.wikidata.org/entity/Q22678066
1TfzspRmvBkDuIPZEG4ZdF,caca87c4-0060-3cd8-a74c-376bf78f33d3,http://www.wikidata.org/entity/Q2816493
1J1mjhlth8XnU8ttfRKp5r,,http://www.wikidata.org/entity/Q23647108
7D7V6M05UIOTjLdqbwRX0w,,http://www.wikidata.org/entity/Q23926973
6wEWd7YQIs5a6AraHUMbjI,,http://www.wikidata.org/entity/Q24265614
0bwdznBmNAcxavX9df31qW,,http://www.wikidata.org/entity/Q26186794
0gqFfLtOVbxGFJkw0lOUKB,05277be9-8dc0-41b2-a019-32599d113820,http://www.wikidata.org/entity/Q25087782
51bVzshoaqQFZmdg1uWyNt,,http://www.wikidata.org/entity/Q26726279
3SbZTjTzV9h2sXSNftZkvx,,http://www.wikidata.org/entity/Q27092760
7EoeMpWh1y9ltxDX3iDWTd,,http://www.wikidata.org/entity/Q27161965
1WEaaZcLgG9tKSVGCJwj5u,,http://www.wikidata.org/entity/Q27162530
3bqVKkzhYrI1hFc6jkA6G2,,http://www.wikidata.org/entity/Q27231726
2R27I2bYbBwH1Rp5LTtiZA,,http://www.wikidata.org/entity/Q27659436
4WrNhPonpruczYC94QfoMy,,http://www.wikidata.org/entity/Q27865860
4DENZX3BQwGGnD6ddP1VVL,b1e317bc-5745-412c-aff1-381b94a076d2,http://www.wikidata.org/entity/Q20988120
4xUN5nnssE6AuIb6WgCeAl,,http://www.wikidata.org/entity/Q28842578
0YmQlKhPF1ddhni6EOdAKy,,http://www.wikidata.org/entity/Q29982721
4iu6YVlKNgVto50RTdPGR8,,http://www.wikidata.org/entity/Q30066824
06gn37D7SVYKofXqDneiTp,,http://www.wikidata.org/entity/Q30125075
2dTVixGFVQFDYyQ8SmxSSX,c1bbc559-00c8-499a-8694-da6bc22e9349,http://www.wikidata.org/entity/Q21055420
16Jts2lW8cbADXH7BHqI7x,,http://www.wikidata.org/entity/Q30936339
5b2oeIfQX4S2dWllItTpuf,,http://www.wikidata.org/entity/Q31173657
1FpIi2NcYiXBGJcXhAzJQc,8b28cc8b-9dcb-4094-8689-fe9e3be8c06e,http://www.wikidata.org/entity/Q47463349
2iDJd9auUoziH6QP6Jcb56,e9da199c-edfc-4b05-9264-519fa1e94779,http://www.wikidata.org/entity/Q47485123
3UTGP92UT66q19u8PM6NYT,,http://www.wikidata.org/entity/Q30894346
0EXuEIWBG8U9iBK8LsLgRi,,http://www.wikidata.org/entity/Q30605907
2c0LI6LRzN9hCqXshyGDly,,http://www.wikidata.org/entity/Q34784827
5bOS06aLncVbneTJ1XwKWm,,http://www.wikidata.org/entity/Q38047579
2FQLEdpu1qTST4C9GH92OT,,http://www.wikidata.org/entity/Q40001902
0Zk8n6BlFd7NEpMB3FiBf0,,http://www.wikidata.org/entity/Q39074516
1Jmq5HEJeA9kNi2SgQul4U,,http://www.wikidata.org/entity/Q41613328
4j6JrIJFSDO85NMTRXfzKm,5bdad2cc-5d55-4d49-bda1-9d190abf8e0e,http://www.wikidata.org/entity/Q21523663
0TTHNRf56akFaH7rWptadb,,http://www.wikidata.org/entity/Q39074498
04mHlwou1RaPDo8SigFfKf,,http://www.wikidata.org/entity/Q42884409
07vhVdeqDle0yPYGikOJqN,,http://www.wikidata.org/entity/Q43229876
7yZ703jW54UaqfvoLiAasq,,http://www.wikidata.org/entity/Q43231480
6paNh3A4i4B0XZkOUM3OVc,,http://www.wikidata.org/entity/Q43379855
0UQyVDuGfb1wr56FgGV5Bk,,http://www.wikidata.org/entity/Q43379868
7u47Jl621thgePdr08oC10,,http://www.wikidata.org/entity/Q40770698
11Y5PkMkyJxPxeMQq8ZudQ,c37793ee-63df-4613-8aa4-c78a377350a1,http://www.wikidata.org/entity/Q29859579
73PQyEHSV06V1LJ2UlJctR,,http://www.wikidata.org/entity/Q44281896
4Lp2SIlfME19U3k3U6Nrp1,,http://www.wikidata.org/entity/Q44282067
1ahl6UmqCDuNy6rJVfRKeC,f42233fc-9ba7-4c5e-9d9d-94ef3d772850,http://www.wikidata.org/entity/Q29870872
533SGSunfkuSlc7fCMPuVe,,http://www.wikidata.org/entity/Q44617167
5MiKyzKfy6svaVSBc11ZQC,c20f217c-57e0-4707-845c-4650eaa19f89,http://www.wikidata.org/entity/Q21534095
6f7DHrhSS6FFn8MP7q4GpM,,http://www.wikidata.org/entity/Q44889742
6Fehe14UZrHf7BP9YSpMrT,,http://www.wikidata.org/entity/Q44890005
1h0x8mEZGBwSB62rcig3mn,,http://www.wikidata.org/entity/Q45291349
6j0ZbLhJ0uyREyXoz0KtON,,http://www.wikidata.org/entity/Q45315831
2RMlONEXAJnheRIJbImGdL,,http://www.wikidata.org/entity/Q45318636
27eFlfGoxcRkMRj6mg5cc3,,http://www.wikidata.org/entity/Q47256017
0vGD0xtjoyZeDbbWL3nk5e,,http://www.wikidata.org/entity/Q45801684
7wO3Baq5DouLlvkxuYzZGk,,http://www.wikidata.org/entity/Q46114896
39U4SHU5VgAPaNsE29k6tU,,http://www.wikidata.org/entity/Q45312998
3obFzTWmvI6H45244KpLxt,,http://www.wikidata.org/entity/Q46224513
23XlzmrOle1yLcPPDvkQFd,,http://www.wikidata.org/entity/Q47005000
22ovbDuIyywiU174wNS6U1,,http://www.wikidata.org/entity/Q47088604
7eHU1oSd5SzPLAdRg9W37g,,http://www.wikidata.org/entity/Q47200009
2CpTUlp6RhbMYBF4GqJCAL,,http://www.wikidata.org/entity/Q47500475
4rgx1HgvOdLAS18zgP6f0U,,http://www.wikidata.org/entity/Q47753070
4hUrMPSpOYKLtDqdi8zlOS,,http://www.wikidata.org/entity/Q47753636
3glqvX58NEoX9D7Y60N429,,http://www.wikidata.org/entity/Q48469404
1ge2GV7mi6RoSkdKKq5feC,,http://www.wikidata.org/entity/Q49013829
3XU1OmIoTzFPHx5CM2isGo,7720104c-c7c7-49a6-888d-ab6b3300dce3,http://www.wikidata.org/entity/Q30150195
5mv75enwMvLcgX9vfvb9H1,7720104c-c7c7-49a6-888d-ab6b3300dce3,http://www.wikidata.org/entity/Q30150195
1WQ8fVzE8PbBD44BKhSZCh,9d037d8b-585e-438b-a786-adb50a736a38,http://www.wikidata.org/entity/Q47508950
2YhN4T2KHSOIGLZ8VTkRvU,115b29b3-1a5a-46f2-bb06-c21936739d6a,http://www.wikidata.org/entity/Q47893026
4PcNvAgZqbwHLb3s0QNlC0,8c859f3b-266a-4ec4-bfab-1c5cc4143926,http://www.wikidata.org/entity/Q47457122
4Yncm2TtuQScLnXKrDCNZF,06b28664-ca07-48da-b342-294d9c17c1df,http://www.wikidata.org/entity/Q47459919
1NfBFQ6fMQ7VukwFYQuS4I,f365a030-7b84-4377-a095-697b6523cf16,http://www.wikidata.org/entity/Q26794359
71YSwTnHPnPZHM9ckzemJ7,c554bcdf-d3be-421d-925f-5da06d3b944d,http://www.wikidata.org/entity/Q26884640
2CtPWszdy6pVQ8vUzyFQTp,8da9fce5-ea5e-4981-b7f4-4497a573a5b3,http://www.wikidata.org/entity/Q22693262
19YlQK3Zr5gZgEZXrmgayO,d4ab9af3-0e3d-4cf7-8f06-7a3043d01626,http://www.wikidata.org/entity/Q46011436
1lCmbNOMbDw1QeFzWGWLbR,850e7b46-91ec-4bde-b9c7-139e64acf9b3,http://www.wikidata.org/entity/Q27064266
6crlwYJmL0YVVGPdoh7Yev,f971c802-4eaf-4e23-8598-2c7aa484b27b,http://www.wikidata.org/entity/Q18677525
7EzeP0Bq2q5f1dZJ329PRQ,51bc942c-55ec-4b05-9496-44eda70222c2,http://www.wikidata.org/entity/Q43162517
0oy2HtRcwaEphdnwVcNKdv,0b222750-586d-4181-b7e0-859e7acf760e,http://www.wikidata.org/entity/Q43301964
7hwhuEQT4Fp5bzwLlYZtiz,d4e5b10a-3f86-4960-8413-a56b8106a6fb,http://www.wikidata.org/entity/Q35841277
1BA8Oj9zmzuCXgXwBKskJO,23ac9cda-f7e3-4e1a-bf9d-2f02a4fd2eed,http://www.wikidata.org/entity/Q27824547
1aKWqLMPxvgkkqdqE8yzEF,,http://www.wikidata.org/entity/Q260957
1WGJ7cDbaBTutYWMRww16x,,http://www.wikidata.org/entity/Q1757890
079Chms1kfzPXYULTEfrxd,6837b0e5-f517-4ed1-82df-8235b4a51fd2,http://www.wikidata.org/entity/Q21044191
2mP5eITEOqzOZ18Wcpawuf,,http://www.wikidata.org/entity/Q2816026
6FVxnyA6jnvbzEHh0exOy3,,http://www.wikidata.org/entity/Q3481716
35KPICCxAelsB81JKpLZjN,5aab0f61-2f48-4ce1-a5b5-3553e9f9cd01,http://www.wikidata.org/entity/Q28864630
7lkbRDQReQXCAPViu5aTOO,,http://www.wikidata.org/entity/Q600787
4bHxlso02RaAgI7VRUpbrz,85c8e65e-8db3-375e-bdfd-4a8e9389c5e9,http://www.wikidata.org/entity/Q129108
1P7f9dheKiUWLPCCQ9RdS1,,http://www.wikidata.org/entity/Q3088261
6tkWyugiJx8ldyhwAZ694u,,http://www.wikidata.org/entity/Q3556790
0EhziYBmHpzuo7tkQ4T3bI,,http://www.wikidata.org/entity/Q3933795
4BfRo8RoRCj9KEIBEkXvda,,http://www.wikidata.org/entity/Q4752888
0NvirtaDCaZU5PAW1O5FDE,066f840f-e357-436f-bb0a-47ad7cfcd84a,http://www.wikidata.org/entity/Q29017300
1Dh27pjT3IEdiRG9Se5uQn,ef03fe86-b54c-3667-8768-029833e7e1cd,http://www.wikidata.org/entity/Q210910
4sLCQxMRfn3gAHrBNZtbTH,8a7a9db3-f87b-37d5-96a6-67485a8792e6,http://www.wikidata.org/entity/Q236304
78MM8HrabEGPLVWaJkM2t1,8a7a9db3-f87b-37d5-96a6-67485a8792e6,http://www.wikidata.org/entity/Q236304
2LkXzNHFHGRhxkwdP2DGok,037aa700-4629-3b58-93d7-52d31a436cf8,http://www.wikidata.org/entity/Q4020475
48AGkmM7iO4jrELRnNZGPV,1f75a8df-176c-3d23-8f1f-b0c8935682ec,http://www.wikidata.org/entity/Q252447
16BW7Z0h309liAUqhHlAg4,,http://www.wikidata.org/entity/Q20251972
5Zjo8nwER8TVdFPke1EnTG,,http://www.wikidata.org/entity/Q20748500
54ixUZwSjqeb8bXMoec9xJ,,http://www.wikidata.org/entity/Q20760490
2tShA8neDBPFY0Bc06qEpx,,http://www.wikidata.org/entity/Q20826648
2g69A5sD4642mHqNptmQxJ,,http://www.wikidata.org/entity/Q17651465
3MKCMDrzNvkb5F0jmKFRee,,http://www.wikidata.org/entity/Q21601953
3mcpc9Wuh89AFdx9JyubHQ,,http://www.wikidata.org/entity/Q21836964
5cheiMKg00A85YckkLrjIm,,http://www.wikidata.org/entity/Q20253327
5lMWPmA9Vh5RtJXSA23i49,,http://www.wikidata.org/entity/Q20648910
2lBRNqB9iOJZFNu1JOSUBW,,http://www.wikidata.org/entity/Q24256423
4BTlXiDFjyJfpHjR7jlEJo,,http://www.wikidata.org/entity/Q24283755
0tngGt3ED4ZC0cvDqsDF5x,,http://www.wikidata.org/entity/Q21088200
2DzTTedl3MEhfwzmHLTHB7,,http://www.wikidata.org/entity/Q24699101
1L68JXnB9AEyrgCb8ISgIO,,http://www.wikidata.org/entity/Q21836677
1Fn0eDiErYKmaKs5Jx6aqC,,http://www.wikidata.org/entity/Q22204045
6Ivdc0kbXQh6eFe4zaJLio,,http://www.wikidata.org/entity/Q22259775
7IhCIcftmGQktCnEUkIrd6,c895fac8-2480-4504-8953-a0269609eef3,http://www.wikidata.org/entity/Q25440521
1e3zayDNgyBMNOuVNBLwvN,,http://www.wikidata.org/entity/Q26726242
0r7o2FeARRr23EZ0TJ0a8S,d99084ee-de04-3ba1-8203-5f1a7e5355ee,http://www.wikidata.org/entity/Q1066535
5eqcF7pWzHgWpGdEmHgeSN,d99084ee-de04-3ba1-8203-5f1a7e5355ee,http://www.wikidata.org/entity/Q1066535
0MQ7olLhVAz2H8RKDDf3fD,,http://www.wikidata.org/entity/Q28791850
2K05uBOIOivJw2VFV43Y8h,,http://www.wikidata.org/entity/Q28792638
5Q8assm15sQD6IagAp4r8i,,http://www.wikidata.org/entity/Q28792637
2IomcxAKLoO8iZTRExLyeG,,http://www.wikidata.org/entity/Q28799897
6OVPiJEES8oz0Npb0Sm31e,,http://www.wikidata.org/entity/Q30094142
4zaUnCq6Wjmij7fb78hEx4,,http://www.wikidata.org/entity/Q30119361
5T3suin8kAPlGsmepZc7zW,,http://www.wikidata.org/entity/Q30435114
7db2ILAn5xxis89ct2F79E,2953f5a3-3ee1-4b4b-a220-269fcdcd6623,http://www.wikidata.org/entity/Q17751026
0ndGMh4twJNzPpr5XtHTR2,6c9c4985-3628-3070-b956-b538f30c9bea,http://www.wikidata.org/entity/Q842126
3BGP6iSTqLG5tSreGFOAKD,dd022dc0-6f0e-4f32-bf5d-9dd79c6a059a,http://www.wikidata.org/entity/Q858020
2zd0hyPdOLx1oaXYnJZaK6,af038b11-68b9-4da0-a883-8935e05297ae,http://www.wikidata.org/entity/Q881555
4MMSp7YXFGx1N9zvKZsRdz,3ce31a09-61b9-4078-8790-3cf89c7e4323,http://www.wikidata.org/entity/Q22162876
5OQWOFvLnQ295zgajt5xYV,a3c2225f-f08f-4134-baa8-c8610887ae6a,http://www.wikidata.org/entity/Q22170729
2FD2pWS8T6SS9UaCTSNKww,,http://www.wikidata.org/entity/Q39502570
5qLBw1hbAsapAzMN2bqVWj,de840293-f480-4060-bf2c-0bde00630390,http://www.wikidata.org/entity/Q22260056
1p1abywR5w30wYotUcEidK,4676230c-e43e-41b4-818b-72ebb1b16037,http://www.wikidata.org/entity/Q13403109
01RJdKvXyz515O37itqMIJ,2cecb2c0-cac3-3c55-8083-577308746230,http://www.wikidata.org/entity/Q1077225
39jsLMRmrTpfdq2vE4TCUe,2cecb2c0-cac3-3c55-8083-577308746230,http://www.wikidata.org/entity/Q1077225
55k30y4zrrohMEXBuSb0uc,,http://www.wikidata.org/entity/Q42710103
7yt6phG5xD6MMTrW3sdYjQ,ff69d6e6-5b47-30d3-863a-449d0559f337,http://www.wikidata.org/entity/Q1227157
394iVM0BcR0DTb8AoNijdg,faf04663-dbc0-4772-b6fb-7d6764092c7a,http://www.wikidata.org/entity/Q34499537
6FGtHwis92QKQpD33UhqPm,8ecadf21-67dd-42f1-892d-aca4325ee82f,http://www.wikidata.org/entity/Q34503999
02vS1kDmFGTZAqVdX2kBn9,50cef034-1139-490a-934c-4ecfc588306e,http://www.wikidata.org/entity/Q38499204
6c7d0efZpNxeQCOm6Af7fD,40bc7686-28a9-3b6a-851b-7ad87083acda,http://www.wikidata.org/entity/Q5826843
3brBb38wRoaZn0taU9vsIV,85f86384-cba6-4014-8cb0-55a00950d2bd,http://www.wikidata.org/entity/Q22683058
33oa8PgxhKsEljdeM0Vt5G,bf846fd9-f09d-46f8-ad5e-b0878103f3e3,http://www.wikidata.org/entity/Q42663344
2Qi505Jvq2d1jjgf5daNR8,bc825b46-a2cb-4968-a84b-abbc4e992642,http://www.wikidata.org/entity/Q22996837
3imrymT4IdPmsoIAlkEa2w,52a79884-4ce0-421b-83ad-ad1648118669,http://www.wikidata.org/entity/Q18960120
7EpUpNUkkEGnaCvkcn1j4H,6c8da063-2c3c-49ca-9f55-553ec642c71d,http://www.wikidata.org/entity/Q26884245
6ktKxznxtvaTxZB8hna21f,a7a91eff-440f-4fe6-bee9-6ba3b7dc3310,http://www.wikidata.org/entity/Q26920270
2ytnyIyZtRxXPHpc9C2baz,1f0aeb08-32ae-482c-81b5-21523f80f67e,http://www.wikidata.org/entity/Q18678478
712VoD72K500yLhhgqCyVe,05ad0e67-417a-44b0-b34d-e77bd843f279,http://www.wikidata.org/entity/Q14567932
5iycp7Ji0MWiF3HQ77muaq,7660c16e-11c6-485c-abce-3739fc4b6caa,http://www.wikidata.org/entity/Q18812565
6ZqJ9x404zhLMrIDXKViae,3dd667fe-99f1-4139-b314-26579a35cb90,http://www.wikidata.org/entity/Q23023397
1xDxhG7YDAvoqL5fW8m1HO,cccbc5a4-ba37-44bf-beb5-4989bdd91739,http://www.wikidata.org/entity/Q23038306
1FXFyWXLIdOVgjR0MaRa9y,2acbf27a-caaf-31b7-92fc-b68428f02eae,http://www.wikidata.org/entity/Q2242905
0Euqj04HraTJjES0m1KlT7,7817786f-e1fb-37ed-a995-9f1696555047,http://www.wikidata.org/entity/Q2268928
5Bd99eGJKXoRMnqgqWlWmp,8f91c5cb-5496-4904-a284-60946a6a0849,http://www.wikidata.org/entity/Q23762945
7Ff7he6c7fzyMhAakcoD2e,1bb8e24e-042b-47d7-9eea-46895b62f362,http://www.wikidata.org/entity/Q27541557
3JQ0S6ej6zCRtB735207WI,f4034a74-42af-46cb-8166-434d43958f91,http://www.wikidata.org/entity/Q23893970
6z9wliRZWrGDAA9pWWo4ga,db13871d-f604-317b-84bc-5165e2af9e75,http://www.wikidata.org/entity/Q3082525
1C18s8bELJ42BKmiyGHk3D,16192822-b414-48ee-8217-ce380a4679c7,http://www.wikidata.org/entity/Q19832970
3OnYTme1XFbVgDdXrVSt4Y,61903cf5-022b-442e-b2bd-e19e67760b43,http://www.wikidata.org/entity/Q39877980
5AgsHUKFxr5DApRCmulIqJ,6915423e-352a-42ac-b5a4-55bb004d7eb5,http://www.wikidata.org/entity/Q27816903
0EOOcVnVE7g7NUtWKWwEiC,0e4aec15-0d35-473b-b5b2-6ff68d96122e,http://www.wikidata.org/entity/Q19980022
4JSxcVM4fUnaluGVtKRBo7,0e4aec15-0d35-473b-b5b2-6ff68d96122e,http://www.wikidata.org/entity/Q19980022
5S80RBncl91xSCBjHK1YDh,0e4aec15-0d35-473b-b5b2-6ff68d96122e,http://www.wikidata.org/entity/Q19980022
6g0IK3D3b4p0WoQceoj3rI,84b1797c-b1d5-3918-84c7-6ff45db06e48,http://www.wikidata.org/entity/Q11151025
3nywgxTt4m4CwcIJDmHp5k,3d5cf880-8e92-3e2a-9598-34bc28fb618c,http://www.wikidata.org/entity/Q3328558
0AnY3dM6l3JkFRXRnZ8gnO,dcf6160d-bd50-434a-ba1b-5576bca86326,http://www.wikidata.org/entity/Q15894143
43xfQgLbHhMCxvCRN8uSZC,d2deeffc-cb7f-40f3-b467-f11d0f6bed88,http://www.wikidata.org/entity/Q28075821
2rcVzoJgeJp77Vxsmhu04N,1a9e080c-90a9-488f-90e4-a37720487598,http://www.wikidata.org/entity/Q11862190
1KEc2wV2788yuWy3tD2M6M,59d60d55-d70f-4b60-9f60-8759fc437888,http://www.wikidata.org/entity/Q11897181
2okmUsYO1BSztGoGQzEpVt,71579e7f-eaaa-4378-abe8-93e470c893f5,http://www.wikidata.org/entity/Q28127597
3xTjv8BYqGpK61oHV1tVWE,7d192204-5267-4df9-90b8-db2f801e56fd,http://www.wikidata.org/entity/Q28213007
2ZWlYSdcjy5DnKUgjfVTdg,40fca996-b005-43a2-9d6c-f30ed51258a9,http://www.wikidata.org/entity/Q12033213
0a5LE8ZiJ9TVEjEUt9hWwp,2b6122f4-6243-481d-a40f-c1a0dbbed67b,http://www.wikidata.org/entity/Q15978397
4gu8Mbjzw8j58gBtsuAcvn,a25d75da-ede7-470a-8bde-40dc2020eb08,http://www.wikidata.org/entity/Q15978396
0kkqE2xOrbNiMxQjz2Lppy,27b76eca-7399-4cd1-b5ec-77d7cb667bf1,http://www.wikidata.org/entity/Q16533053
1YvZFj8jR5YmXdlxfLyO5c,d7b4f26c-802e-48a7-acf3-b4f0cd10cdb0,http://www.wikidata.org/entity/Q16543354
4FR8Z6TvIsC56NLyNomNRE,2b85ba4e-53bf-4473-87f5-59d0b53020ad,http://www.wikidata.org/entity/Q7619740
13MrahPNOthyqxNCthgtWl,8925785f-d396-4c43-84ed-f81d7938fc3e,http://www.wikidata.org/entity/Q20899660
0X4Lkfful3UzcgbcAFo9FW,104908f1-4a17-40c9-ba32-dfa8367e5dc5,http://www.wikidata.org/entity/Q22996821
4ed396DIJzjxBdzLaR7Sj9,bdac4106-d4ce-42b9-8492-faadc4267639,http://www.wikidata.org/entity/Q22996801
1kB1JHjOXSn3qn1OQhISpF,7e2573b5-514a-4553-8478-419b32f38826,http://www.wikidata.org/entity/Q22996849
3hKXxwpu4EnmZPqKpLn7RF,5627d2af-dc78-44fb-bb0e-c72cdb1b4e8b,http://www.wikidata.org/entity/Q30610936
1ZMYMTP0S4hp9AlGkAWWjt,c8567f15-949e-46ce-862f-144a8a072dbe,http://www.wikidata.org/entity/Q22338688
3r4sWlUXFFvobv8CM0raPW,1a27fd2a-0c21-3864-b62f-94e976c8bb94,http://www.wikidata.org/entity/Q6984644
1EuM46kMdMqCU3erHNbjeG,06ce8c29-f6b9-48f2-be05-9d59aa022197,http://www.wikidata.org/entity/Q14942394
3ar3gv14DQ9QnmF9n3D90G,,http://www.wikidata.org/entity/Q3732805
32nwCXJIrQRPp6u9ISHTtM,8118577f-eccc-4e66-aa36-f8e8d3995c1b,http://www.wikidata.org/entity/Q15896835
2IhOruNJPxV2gyg0X4tO9u,,http://www.wikidata.org/entity/Q4019333
0r7wrRVD77lNrD9t2QgZrq,160d64d4-75ee-4097-a3a8-3c1d690c0d94,http://www.wikidata.org/entity/Q39400914
6KYVV0B7UV2N0A4dOzQTfq,160d64d4-75ee-4097-a3a8-3c1d690c0d94,http://www.wikidata.org/entity/Q39400914
4m6FG39cYxwEpUGSlZKP4X,,http://www.wikidata.org/entity/Q7554511
3grFdu9ifNh6mrZt9VIqx4,,http://www.wikidata.org/entity/Q5562711
5w8DcSo1ADxf8usiMxHeCn,,http://www.wikidata.org/entity/Q5684873
3TC40H9dIJArFzy0rWnWCg,c59fce38-537a-4cf6-87b9-35cb934e1ba8,http://www.wikidata.org/entity/Q27883122
5U9Wk8V8M2bBtna8YC33z1,e0fbaa4e-8a42-46ff-bb1a-a2d634bd82c2,http://www.wikidata.org/entity/Q7577698
0OB9EsykpiyNnAWSuahzW4,8116cbb1-a6af-37fd-b3dc-9df1b36067ba,http://www.wikidata.org/entity/Q3493133
6R2FtEWqwuXUgmyb0NETpv,84d9ea63-9157-3ca0-889b-b267a5e77d51,http://www.wikidata.org/entity/Q3521606
1F3K98YETxJiZJ2CZK8a8s,e42e29de-f7eb-4a92-9c21-82d08ec08a0b,http://www.wikidata.org/entity/Q27971624
7my50IHQ8dDCTN5GyNUtg6,cef47e01-3eb3-400c-917e-aa49c9a7465b,http://www.wikidata.org/entity/Q28038454
5iQ5gJAzxGCTOoSW3DkCic,235403fa-b68f-4263-b11e-883ca3caf98e,http://www.wikidata.org/entity/Q28053824
3wApZLQ7N3HzcWwQNEOaQe,d5566936-fbf3-4a7b-a4c1-23312bd1c1ee,http://www.wikidata.org/entity/Q28053873
3Mic6x7qINO73mosC0jRM5,62f2cc04-7896-3413-9dba-e8f6e9352f08,http://www.wikidata.org/entity/Q12029471
51HvYFrGD6zo2TX2CXEWU9,62f2cc04-7896-3413-9dba-e8f6e9352f08,http://www.wikidata.org/entity/Q12029471
3V3XFmoZrXsAsEXWDicmyd,,http://www.wikidata.org/entity/Q20988105
3fCYoDWASXjzl4JrVvSTo8,,http://www.wikidata.org/entity/Q21659255
5cSsDTJBxnp8S9Pg6KVswg,,http://www.wikidata.org/entity/Q21671971
6i8LWAvbBJirYBZdC3AtSc,,http://www.wikidata.org/entity/Q21857456
3mBzleiAuCxbvSqIlVjJiI,,http://www.wikidata.org/entity/Q21893638
6ADeJzfeDzRSstbhCV9cWW,,http://www.wikidata.org/entity/Q22008228
35UGsB1DbWLTQSsXLFk9u5,,http://www.wikidata.org/entity/Q18677081
6O44J8v4vd9YOjThaRcoc6,,http://www.wikidata.org/entity/Q22962304
0kDmSozsP5KCeLvbaL1BTD,,http://www.wikidata.org/entity/Q20064300
48oP5ver3MEQ68DvJ22CvY,c64e38e7-ea8d-3cda-ba62-1f4b9f899419,http://www.wikidata.org/entity/Q3088296
4mbD4KGZIId9D0YKg1wdwQ,,http://www.wikidata.org/entity/Q24076654
62ug75FEUPSUGEw1hpVGte,,http://www.wikidata.org/entity/Q20978560
43AaX0aadMhghHSoHbZdGI,,http://www.wikidata.org/entity/Q21010620
0eAsETA27sZs175AfyfwVA,,http://www.wikidata.org/entity/Q21605006
1XbLJ8k3uBV4lhDWjmRgrn,,http://www.wikidata.org/entity/Q21857434
05PeRzovQMUE6LE4dNY9Io,,http://www.wikidata.org/entity/Q22712282
5Q5jGdd2gQT8TFOBr5hFxb,,http://www.wikidata.org/entity/Q23895332
5FNUFhoaedXT81WIzKc6OQ,,http://www.wikidata.org/entity/Q27644025
2ZfOqdXmJpP1SgqHLaDAh6,,http://www.wikidata.org/entity/Q27887428
1BI9AdIVqQH9PfPdiB4kfQ,,http://www.wikidata.org/entity/Q24875875
5cBZOkP7SnZnO5XeiP7gVI,,http://www.wikidata.org/entity/Q28548152
3886RChRsvF9XjTAr5nN61,,http://www.wikidata.org/entity/Q29571647
1WF43hAlXLQlUpz4drHFNc,,http://www.wikidata.org/entity/Q26912335
5yihaA3zSjqOmYjk4InkeX,,http://www.wikidata.org/entity/Q30406470
41bTjcSaiEe4G40RVVHbux,3d00fb45-f8ab-3436-a8e1-b4bfc4d66913,http://www.wikidata.org/entity/Q187507
2AvupjUeMnSffKEV05x222,5611e7a8-3b0d-48a1-820e-45b94229f653,http://www.wikidata.org/entity/Q28452606
0ASrNTyRbdNErtHz9UCwpk,,http://www.wikidata.org/entity/Q27616740
1D9n5Ff8prsm56x9Oa9Udk,,http://www.wikidata.org/entity/Q27624956
156Qdu1Qxqy9nwEeA5UBz7,,http://www.wikidata.org/entity/Q27687809
3QA6FUkdeeogAheqhES0pR,,http://www.wikidata.org/entity/Q27981900
3wUUI1bi6KpUNg3fntPsdc,,http://www.wikidata.org/entity/Q28030990
6iiyqFhuXRf0LJVeRktOFS,,http://www.wikidata.org/entity/Q28221655
42AkQqGvWS2GyRdvTQWJYS,,http://www.wikidata.org/entity/Q28553681
2jyMxL5A0FuicqUliNziwW,,http://www.wikidata.org/entity/Q28792651
73o3ioiQiT9oGTcHZU6bQJ,,http://www.wikidata.org/entity/Q28842323
2DwCP4hjmeUOj8KGfu7wDg,,http://www.wikidata.org/entity/Q28842573
5BTsYW2m51g2B4HsDmnAqR,,http://www.wikidata.org/entity/Q29080394
68jlF56mMT74SkySCUoMpT,,http://www.wikidata.org/entity/Q30204709
57F2mqKpPUAXbtRA3sXffe,,http://www.wikidata.org/entity/Q30348916
3hDnxAsp07ufAbdvpHYa6u,9ee2bb08-e48e-4b34-943e-59b65b6ddf78,http://www.wikidata.org/entity/Q3437698
24cO4sbnCnWlvNvjkMuDh7,85e487cb-2f0b-4366-a594-8638673efb37,http://www.wikidata.org/entity/Q11884765
0oZa63fKTdlJEik5dtttGP,8932bd21-69b7-41a7-b6db-c0fd9a437b12,http://www.wikidata.org/entity/Q11902193
5xG9gJcs9ut3qDWezHUlsX,,http://www.wikidata.org/entity/Q36010147
1Es64PqQ5B0MyOyQ92x8c7,,http://www.wikidata.org/entity/Q41239017
4ULM6X1YNQfmjBpheNs1gv,,http://www.wikidata.org/entity/Q38022584
1kpZUS7tLWK0hMWNCKP9La,b5d1452c-fd48-4313-a5b2-a4a287c54140,http://www.wikidata.org/entity/Q3646276
2Q9oTK48eb85waX1fFJsvj,74a65aea-6e59-477a-b48c-5e4d9c53dfb2,http://www.wikidata.org/entity/Q498424
4JKaecqkR2ERMQxlxM4B1D,8a2bca4b-abac-4017-bacd-e5db1dc1a908,http://www.wikidata.org/entity/Q41095879
6vuykQgDLUCiZ7YggIpLM9,bbce0087-d386-4246-a51d-dbcdfdbe8fb2,http://www.wikidata.org/entity/Q24037694
1TzLKIY7EkKJ2od2cLEDyV,dabe04ac-41ab-44a5-b5fb-b8bc9bd9ce3d,http://www.wikidata.org/entity/Q28939907
4J79cxsmRqZbI0BKmNFDy2,3f702793-d03a-3eff-9870-4759bda52e0f,http://www.wikidata.org/entity/Q594179
1DkwVpKbxNAuJV5vH4JEtu,c1de9bbc-6fbd-4a08-b2ac-5945219d9e12,http://www.wikidata.org/entity/Q3916380
234bTcrWAT843cbS4hWmIA,f1f9654b-44a8-4115-8248-b698798ca55c,http://www.wikidata.org/entity/Q383468
2OnakLN3MKF2kEYZg6r5wr,65a85d01-ee42-4897-a9c4-99251d33035f,http://www.wikidata.org/entity/Q5161949
3UIXocl30yFAZd7wqQNmu7,18652054-b2d0-471e-9606-22b11c1deede,http://www.wikidata.org/entity/Q20760137
3dzvSCiqzUvdrsYbzHbgTb,41c77e1c-8d13-4ac6-8454-00e9717865cf,http://www.wikidata.org/entity/Q21476992
5zpr1t0wULBavdgXCPjLuy,3d965c41-43bd-480f-b011-2a442363193d,http://www.wikidata.org/entity/Q5485019
7m72WMYVztyVUHyuKqJ0a0,bf8d8550-8d5c-4392-abd6-af3568673b39,http://www.wikidata.org/entity/Q20899183
3H1xcsy7CI7nL3RNHIpvs4,9f27147b-faad-41ef-af3f-5e011c535e35,http://www.wikidata.org/entity/Q881235
73V8wOhPeSFgrjUHuc7RYt,0378345d-af03-45a5-a245-84e9f8cba2be,http://www.wikidata.org/entity/Q4877841
4OLsnJQPTX0S6lODXw1MqC,f378dcb1-841b-3be1-9d96-779036562de1,http://www.wikidata.org/entity/Q934211
3pxjXFPe6XnwnJaC6eYcCb,2b32440a-5c1a-4506-bb21-bacab6bbf1cd,http://www.wikidata.org/entity/Q42313947
2tJXza5ryx9DKIsmAI8neb,74902947-6484-499e-94e2-e1b3c28b46bd,http://www.wikidata.org/entity/Q960179
4YPSP5Mi5C0vdbgLTaYucB,b9a895e8-870d-4bfa-bb96-57b314b6081f,http://www.wikidata.org/entity/Q1131465
2ZytN2cY4Zjrr9ukb2rqTP,ee749c63-5699-38e0-b565-7e84414648d9,http://www.wikidata.org/entity/Q44289
0OGDSUpkvNqUsbmPCQz1T9,e1bc4f71-d362-3f24-9dd9-98e73ab8fab9,http://www.wikidata.org/entity/Q25490368
47QffDK0aSRf2D1P5Nwgbm,6e77217b-6638-4641-9c43-703449346a27,http://www.wikidata.org/entity/Q22162599
29knW30dyTUuw78ZxSy0I7,b15e243c-8279-3b5b-b773-fca282c8ce54,http://www.wikidata.org/entity/Q2097153
1W5OrcptxHmDqTnnQ2DvzP,af4cf0e0-a3bc-4fa4-a2e9-a801f239a2de,http://www.wikidata.org/entity/Q14651900
0pn78Ygi2Vrp6yT9sgEAjK,ca3265ec-ba40-33cc-9ae1-2072cffd4e08,http://www.wikidata.org/entity/Q21768330
1gPs9aa6XvnlPCYeV3mDbv,7b27b0d6-1e4a-4967-ac14-5e2fef3b5b80,http://www.wikidata.org/entity/Q22690274
5NFLUa7LJ8la1znPXcxIfd,ab88ca0b-da32-4e01-ae9b-198b0b7b8681,http://www.wikidata.org/entity/Q18650966
5ODW4aTPCpBHrLUncsSAAs,d6d2ecfa-2ca0-4aea-bb5a-80117a273b82,http://www.wikidata.org/entity/Q22162838
0W6x7Gz1v2pxQ5IJbyQNfj,bc2e45f3-5a2c-4798-8aee-e2aaff0fc7cd,http://www.wikidata.org/entity/Q27144904
47VTcbG6Bl3y7EYascjuGt,571e558f-22de-40d7-879b-eac68f7296b2,http://www.wikidata.org/entity/Q880433
1XhMSQpoNcOg6HJ9loutwU,a8bdbecf-36d2-427e-b0fa-0450de133cd1,http://www.wikidata.org/entity/Q881779
4CJG15EhzbmF9MLVLBALEG,9b55d832-d734-4ece-bf71-37fd24692a8a,http://www.wikidata.org/entity/Q881794
2q7EwuXduuQGDJrPYPVFyw,bf3e565e-309e-4a82-9276-40a121a51c2b,http://www.wikidata.org/entity/Q30040554
4rONTIMcBxUVUZbjQno6vU,eb076ca8-fc58-31ba-8845-081581aafa17,http://www.wikidata.org/entity/Q21768306
0IuTpMivu9iwV78evgfkh2,83558ce4-d3a1-47a3-8690-0227d85d486f,http://www.wikidata.org/entity/Q29577195
7n6w26WTIaCgm6j3nPlKiN,2e9c151d-d467-4f41-ad77-ccc828d4fa78,http://www.wikidata.org/entity/Q41799620
2WrU1VLLBaZy4k5s0p5jzt,,http://www.wikidata.org/entity/Q3203061
3uHE9AUcDTAzRP1iq91TW9,,http://www.wikidata.org/entity/Q462879
5BxWszfvT97XVftAlK8Z3W,,http://www.wikidata.org/entity/Q462879
6tDk8g36NkYYfb65NNeIS4,,http://www.wikidata.org/entity/Q462879
4nimSyH9fNx04l1h1uphxG,,http://www.wikidata.org/entity/Q3717099
2jBqaik6tjq9QHMkVahuEE,13174b46-142a-4c6b-aee3-2c61bc7b1797,http://www.wikidata.org/entity/Q38480065
7ymHN0rpFIOKGZwPV6UPm2,b94e092c-caa0-44e8-b18c-600a3d4d754f,http://www.wikidata.org/entity/Q30306239
4uiVwLbTzE6VMkXpaDAwB8,,http://www.wikidata.org/entity/Q2835197
2LHjV0KH8rtiAPb5sVy6h7,,http://www.wikidata.org/entity/Q5870225
5gM3enHvUe7FUACKfwwipj,9ec0aac7-3b4a-40e9-993e-05e43b541e57,http://www.wikidata.org/entity/Q1320789
4YnQDzZG92Ni86OvTAHdCy,3ae21aa9-e1a1-40d2-bc7f-5d45b5daafd4,http://www.wikidata.org/entity/Q22162901
4eOTNTzRU3qi91xnGxFpy2,27b1bd94-c2f7-4b90-b05a-14dacac8e0bb,http://www.wikidata.org/entity/Q22174813
5vDui6b5xPkwXWOGvGgfoF,75cc2b4a-8c18-37af-89ba-04fa2166e4ea,http://www.wikidata.org/entity/Q1986687
1uZI8BeV4sZY20RflNzPGc,90e3c1dc-3975-4318-9633-fc10ad9eb9e8,http://www.wikidata.org/entity/Q22259628
6v4EtBKhufYBGEifeJ4lSn,,http://www.wikidata.org/entity/Q17522083
66hoUkjxM7tVQwu7bZocwP,,http://www.wikidata.org/entity/Q18150304
3hZmNqApjwoPh7jYIglvrm,,http://www.wikidata.org/entity/Q21684289
4T5cveHFQ5qZkRfZAJPcP7,,http://www.wikidata.org/entity/Q21733164
5xQmfqjJTr3Hn6pCmHDVK2,d38d40b7-c78e-3dd2-8315-91a0cfcddf18,http://www.wikidata.org/entity/Q2268506
3N06B9WXqMUo184SXY19uJ,,http://www.wikidata.org/entity/Q23055199
0KVNtHihBR6Zz98yjh5tk3,,http://www.wikidata.org/entity/Q27057183
4U9Aa215Eu6dJoDuHHsrkR,,http://www.wikidata.org/entity/Q27161928
3pvGznPzzSymzxqQrC0sQY,,http://www.wikidata.org/entity/Q27301842
72tLZXFHPTpHcqM0h53vqv,,http://www.wikidata.org/entity/Q27624080
5fJbzkWe8gGy1HR2sMilDi,,http://www.wikidata.org/entity/Q27659627
5h6VAJVDck4NJdzS2T5eGp,d4f1dab4-8022-4f9b-b82c-df59480f5e73,http://www.wikidata.org/entity/Q30889411
5Ta2q9XeaKGxMFfoj7flJf,,http://www.wikidata.org/entity/Q27941651
77t0rn33Z3Ohg2fmhenYqF,,http://www.wikidata.org/entity/Q28842574
2tpHahWu3pfbmLIPEoMsTQ,,http://www.wikidata.org/entity/Q25451952
5sbjJuC7SFAkTUCiQ8YbRB,,http://www.wikidata.org/entity/Q29054007
7kb7IODWfA9wAn0JhkHc4W,,http://www.wikidata.org/entity/Q30045339
6L0UJVkVmNrNZeYqFfDsZo,,http://www.wikidata.org/entity/Q30243853
59jhRMBpmQKFKMija2A8PM,,http://www.wikidata.org/entity/Q30938915
71r9CYHflFbp0WJm0UopXl,,http://www.wikidata.org/entity/Q27625558
6qaQxsb8aKfjPMUVByxkZ5,,http://www.wikidata.org/entity/Q31271166
4V5oDwyrA6ff0Wr3YR3WZl,,http://www.wikidata.org/entity/Q27865897
2poAUFGkHetMzM4xzLBVhY,,http://www.wikidata.org/entity/Q27973527
4CxTiDkmc48WzaX8fla7Gq,,http://www.wikidata.org/entity/Q28213750
6DirSzhm1GEc5bc7gI4MYN,,http://www.wikidata.org/entity/Q28645830
5Od0rmAFY8DdF0Kh7uZzIl,,http://www.wikidata.org/entity/Q28792642
00XX0fvKBeJlTWIKCZ3TSe,,http://www.wikidata.org/entity/Q29080409
1o7qsSvqsLyiOVRvixsA3G,,http://www.wikidata.org/entity/Q30004860
5Xvpd5ZY11b8coAOplE2Fx,,http://www.wikidata.org/entity/Q30204890
6GtC0WHxzFSFHQtILNtb55,,http://www.wikidata.org/entity/Q30579931
4srls6038abMh9Mw2jS3Yg,255ab4dd-f14e-4326-991d-3899d9fe9705,http://www.wikidata.org/entity/Q22817301
1ErneCyxOnZ1KTiEcNmnjw,8d8aadcd-fcd6-3e0f-b17e-3ec2d88e65d3,http://www.wikidata.org/entity/Q2620880
7IMqoztesjFDgyeibke8Jz,8d8aadcd-fcd6-3e0f-b17e-3ec2d88e65d3,http://www.wikidata.org/entity/Q2620880
0gEqSxSTqVwsjLrKtyb1Sz,4c2ad925-08fb-4a9d-9a78-1bf11ec277ba,http://www.wikidata.org/entity/Q31209859
0j31qqm4HaXtncX1EYl5Bo,c0312fbc-3745-4f89-9194-3ea7980302bd,http://www.wikidata.org/entity/Q2663063
4WW3ME0M2dUoAK5hmbXsN7,d079dc50-fa9b-4a88-90f4-5e8723accd75,http://www.wikidata.org/entity/Q14566706
51KZKzPd3OQT1r46a55VTt,4a99797b-9462-449f-b8cb-31c50c52e203,http://www.wikidata.org/entity/Q30645604
2VjK0WZGJbSFihmGli9gMg,,http://www.wikidata.org/entity/Q39908339
1GtW6FkdMVSiov0vXxtFeF,7470e431-6bea-4be6-87d5-f3b98058ca05,http://www.wikidata.org/entity/Q39432636
4AAOvWd92n4N21BylveoSr,11cd3896-3a24-49ad-95cb-f8c759865a6c,http://www.wikidata.org/entity/Q22996865
3Q9a0hUZpE0h9S2LKoWeBA,,http://www.wikidata.org/entity/Q41898245
74IM0wQrrkiTOKbx4Xhb8n,,http://www.wikidata.org/entity/Q42310169
0wy8LeZSQVNSvKvJ3q8mQI,,http://www.wikidata.org/entity/Q39877070
3cQO7jp5S9qLBoIVtbkSM1,cf556b32-6f0c-4d32-9cbb-cc219a20566f,http://www.wikidata.org/entity/Q19627383
61tDiXxKatmA97vv5CtxzD,4ce5f1dc-c54d-4bd1-b6a7-35451bba6d6c,http://www.wikidata.org/entity/Q15636211
6DUOcrKVkxYHwoY5WeORGC,d849813d-35e3-4438-bb48-7591a9c0ceab,http://www.wikidata.org/entity/Q39999830
6uWdobxSBeKLt92ROImG6E,6a1b4bf9-466e-3ee6-82ea-a3f63507d908,http://www.wikidata.org/entity/Q2827973
7nsjfbq7Qu23djeN01k8Wc,27dd9773-88b2-3204-b063-038271188986,http://www.wikidata.org/entity/Q11861254
34bpVK760BNO7lXR6zna1B,6360db00-cb40-38f9-b440-e14e56564db5,http://www.wikidata.org/entity/Q11894525
0IWTVYRxKWQ0JU4TaSJSDr,bdbcfb29-d4d6-46ba-98f1-2c1b34247c24,http://www.wikidata.org/entity/Q40284576
3IUOP4eqNfXXSFTnPMq8aw,0287448e-9a3d-3b27-b07d-c91773de45ff,http://www.wikidata.org/entity/Q12040380
5xgEqUqTQ19PPt5bElrS7V,2c78aedc-0407-38dd-bffd-1e58346fa183,http://www.wikidata.org/entity/Q129135
0VvfkgvAZ2STc0EyVOVi4P,18652054-b2d0-471e-9606-22b11c1deede,http://www.wikidata.org/entity/Q20760137
2ZbA2Pic7Sh9gGmLk5S2Ni,18652054-b2d0-471e-9606-22b11c1deede,http://www.wikidata.org/entity/Q20760137
3Bqz1JqZLqYa2YvZYhs8PS,18652054-b2d0-471e-9606-22b11c1deede,http://www.wikidata.org/entity/Q20760137
0G694dAEAuSzHR6zI0Nnxn,83a414be-14b7-4b9f-96d4-a0cf5dfc9fb5,http://www.wikidata.org/entity/Q15897083
2fGCAYUMssLKiUAoNdxGLx,b1392450-e666-3926-a536-22c65f834433,http://www.wikidata.org/entity/Q202996
06pDAOHmRfZgcBrDVOgqDN,a856c6ff-8a6d-4300-9d2c-cdbbe557394e,http://www.wikidata.org/entity/Q28018395
5OlacHo0YirsdqLmXKBVHo,77d82047-b734-462b-baae-3425a1d6726e,http://www.wikidata.org/entity/Q28018407
7JYrQl03AvgrIfd2oyNEfk,d49341a3-62e5-35dc-8483-f6d60c00b878,http://www.wikidata.org/entity/Q11859189
5NFN9HK3cvDaYnEtmHUVbo,062a2d9b-b1d5-4ca2-8241-0115b572072e,http://www.wikidata.org/entity/Q36311479
5rq9rIRVC6CKhgxWA2ii6L,b974fbff-cafe-42b6-aed6-97ce9ef4ac8a,http://www.wikidata.org/entity/Q28133385
7e0VTgw0gh9UwiMTZdx74F,6f827286-ccf2-37e0-878c-a78a892c007c,http://www.wikidata.org/entity/Q12017925
1mBsTLrIEGyhZw2t8CLmN5,c8addf67-e735-3832-a7fd-1dd7f34d5865,http://www.wikidata.org/entity/Q3715949
1uPwwIkzsCOanBsLExFitZ,3b97b33e-f75c-40a7-9d10-828b8dc6b482,http://www.wikidata.org/entity/Q41096997
3tvjyHvI1YTt96l9GALenq,efedbf59-d7d4-43eb-a815-3d0add2e2b02,http://www.wikidata.org/entity/Q28939607
7EYExAektj6ISdmhMBAaa8,51d2069c-a6df-48c1-ac94-0638e32de663,http://www.wikidata.org/entity/Q28939705
469df2TrvtVKFCMouo4zBM,87b4adcd-3fd9-4c80-ba1a-d84883af7c68,http://www.wikidata.org/entity/Q675958
6cuNyrSmRjBeekioLdLkvI,cb93e87f-5d21-3447-a6e8-22d44f9b0d7a,http://www.wikidata.org/entity/Q155335
3sb3TaTkw7pdVD2V5cSBGi,6ae67b24-a085-4818-9497-00349223cb5d,http://www.wikidata.org/entity/Q28497087
3w3HyqvtsWnnYwvl0xsvv1,05fa62aa-e53c-357e-a3d2-5c469b818ec9,http://www.wikidata.org/entity/Q3985629
6074OsmUN1PdFgy0zTP4Fn,59daa7a0-260f-4cbc-b27c-caa5e1c056ed,http://www.wikidata.org/entity/Q29216898
1JvXxLsm0PxlGH4LXzqMGq,f6b1b900-6108-32f0-abbd-2855af9151eb,http://www.wikidata.org/entity/Q843416
3b0Ribq1uYsFvdbxbB9460,9b891733-24ea-40f5-8f76-126a26c534eb,http://www.wikidata.org/entity/Q33101652
0ioIXXMV89w0qC39FpxYnL,8b3d1836-e3cd-35eb-a8cd-d03d56bcc6f8,http://www.wikidata.org/entity/Q1049413
1M54W6vxFuAxYNrlO7Ocwd,dbd15402-28d4-4287-9bfa-bd0c29f2af8e,http://www.wikidata.org/entity/Q25445060
1EauX47I9mAB5mw608UBoO,35f904cf-37b5-411d-b0f5-da3522e097b5,http://www.wikidata.org/entity/Q1152089
2r5CTzDGYFxO7yPLcbdjME,423ee554-ffaf-4a07-90e4-48fdc8d948b8,http://www.wikidata.org/entity/Q18002247